{
    "C": 0.685616909663783,
    "gamma": 0.8691907072244857,
    "kernel": "rbf"
}