n_neighbors,score
9,0.23504563115568808
19,0.2523041474654378
8,0.2310698472937562
14,0.24746995572422517
