{
    "C": 6.524778895415799,
    "gamma": 0.5173067783703303,
    "kernel": "rbf"
}