{
    "alpha": 0.03615429760371766,
    "eta": 0.5467580569052732,
    "eval_metric": "merror",
    "gamma": 10.804279000822985,
    "lambda": 20.375804145307374,
    "max_depth": 35,
    "num_class": 61,
    "num_round": 10,
    "objective": "multi:softmax"
}