n_neighbors,score
3,0.56335436382755
12,0.4332281808622503
18,0.4064143007360673
16,0.4137749737118822
13,0.42875920084121977
